Image,Couleur
image1.jpg,"171,160,150"
image10.jpg,"222,222,222"
image100.jpg,"189,151,122"
image101.JPG,"207,211,200"
image102.jpg,"40,54,56"
image103.jpg,"157,133,97"
image104.jpg,"154,131,113"
image105.jpg,"242,250,29"
image106.JPG,"67,67,73"
image107.jpg,"55,72,80"
image108.jpg,"55,72,80"
image109.jpg,"55,72,80"
image11.jpg,"149,149,149"
image110.JPG,"157,122,113"
image111.JPG,"191,196,203"
image112.JPG,"20,22,23"
image113.JPG,"208,178,168"
image114.JPG,"231,232,237"
image115.JPG,"72,97,174"
image116.JPG,"67,150,65"
image117.JPG,"223,223,224"
image118.JPG,"218,207,69"
image119.JPG,"191,198,212"
image12.jpg,"58,58,58"
image120.JPG,"223,223,224"
image121.jpg,"134,141,133"
image122.jpg,"147,153,148"
image123.jpg,"191,187,185"
image124.JPG,"29,29,29"
image125.jpg,"38,31,37"
image126.jpg,"40,33,40"
image127.jpg,"201,201,201"
image128.JPG,"217,192,64"
image129.JPG,"212,215,221"
image13.jpg,"122,74,55"
image130.jpg,"212,157,209"
image131.jpg,"36,68,86"
image132.jpg,"224,222,197"
image133.jpg,"16,46,70"
image134.jpg,"16,46,70"
image135.jpg,"16,46,70"
image136.jpg,"142,85,89"
image137.jpg,"38,57,112"
image138.JPG,"236,100,40"
image139.JPG,"205,109,91"
image14.jpg,"178,176,171"
image140.JPG,"210,195,188"
image141.JPG,"212,197,186"
image142.JPG,"184,100,134"
image143.JPG,"216,202,165"
image144.JPG,"205,203,196"
image145.JPG,"54,44,121"
image146.jpg,"250,219,6"
image147.jpg,"250,219,5"
image148.jpg,"250,219,7"
image149.JPG,"216,181,45"
image15.JPG,"221,221,222"
image150.JPG,"223,227,234"
image151.JPG,"230,196,27"
image152.JPG,"225,182,31"
image153.JPG,"115,165,225"
image154.jpg,"198,198,198"
image155.jpg,"192,188,201"
image156.jpg,"134,170,216"
image157.jpg,"173,165,146"
image158.jpg,"148,137,127"
image159.jpg,"193,49,52"
image16.jpg,"212,206,196"
image160.jpg,"170,163,152"
image161.jpg,"129,133,124"
image162.jpg,"59,48,50"
image163.jpg,"176,165,168"
image164.jpg,"236,243,247"
image165.jpg,"207,218,239"
image166.jpg,"207,218,239"
image167.jpg,"5,172,91"
image168.jpg,"6,6,6"
image169.jpg,"160,137,82"
image17.jpg,"29,33,112"
image170.jpg,"31,31,31"
image171.jpg,"162,139,82"
image172.jpg,"31,31,32"
image173.jpg,"6,6,5"
image174.jpg,"230,230,230"
image175.jpg,"107,91,83"
image176.jpg,"84,91,91"
image177.jpg,"91,79,75"
image178.jpg,"83,89,90"
image179.jpg,"90,79,74"
image18.jpg,"191,196,202"
image180.jpg,"102,90,82"
image181.jpg,"106,91,83"
image182.jpg,"83,89,90"
image183.jpg,"83,86,81"
image184.jpg,"107,91,83"
image185.jpg,"82,86,81"
image186.jpg,"82,84,79"
image187.jpg,"68,44,44"
image188.jpg,"238,236,238"
image189.jpg,"44,36,44"
image19.jpg,"138,129,45"
image190.jpg,"236,234,235"
image191.jpg,"28,28,28"
image192.jpg,"225,222,222"
image193.jpg,"187,176,159"
image194.jpg,"160,153,140"
image195.jpg,"154,131,90"
image196.JPG,"55,54,58"
image197.jpg,"70,74,80"
image198.jpg,"70,74,80"
image199.jpg,"70,74,80"
image2.jpg,"27,46,69"
image20.jpg,"154,152,151"
image200.jpg,"198,177,164"
image201.jpg,"209,194,182"
image202.jpg,"187,170,161"
image203.jpg,"203,183,173"
image204.jpg,"44,17,11"
image205.jpg,"204,188,178"
image206.jpg,"41,15,10"
image207.jpg,"34,12,8"
image208.jpg,"200,180,164"
image209.jpg,"54,25,12"
image21.jpg,"223,221,217"
image210.jpg,"23,7,5"
image211.jpg,"207,194,186"
image212.jpg,"49,59,47"
image213.jpg,"122,89,82"
image214.jpg,"109,102,82"
image215.jpg,"170,74,55"
image216.JPG,"46,29,41"
image217.JPG,"221,222,228"
image218.JPG,"192,68,43"
image219.JPG,"188,52,33"
image22.JPG,"221,221,222"
image220.JPG,"207,204,197"
image221.jpg,"67,66,71"
image222.jpg,"52,25,25"
image223.jpg,"46,46,47"
image224.JPG,"205,177,214"
image225.jpg,"162,153,251"
image226.jpg,"162,153,251"
image227.jpg,"162,153,251"
image228.jpg,"224,218,213"
image229.jpg,"207,205,204"
image23.jpg,"224,223,217"
image230.JPG,"224,224,224"
image231.JPG,"32,32,31"
image232.jpg,"201,147,118"
image233.JPG,"218,218,219"
image234.JPG,"213,213,212"
image235.JPG,"223,223,224"
image236.JPG,"66,49,72"
image24.jpg,"241,238,230"
image25.JPG,"30,33,32"
image26.jpg,"217,214,210"
image27.jpg,"23,38,78"
image28.jpg,"49,40,32"
image29.JPG,"219,219,220"
image3.jpg,"35,35,35"
image30.jpg,"67,115,85"
image31.jpg,"42,38,40"
image32.JPG,"203,201,201"
image33.jpg,"86,68,43"
image34.jpg,"46,36,34"
image35.jpg,"57,156,201"
image36.jpg,"132,121,207"
image37.jpg,"44,134,142"
image38.jpg,"29,33,42"
image39.JPG,"232,232,233"
image4.jpg,"56,55,55"
image40.jpg,"233,66,58"
image41.JPG,"198,198,197"
image42.JPG,"46,43,84"
image43.JPG,"209,203,200"
image44.JPG,"220,220,220"
image45.jpg,"213,213,213"
image46.jpg,"214,216,216"
image47.jpg,"25,92,107"
image48.JPG,"211,203,109"
image49.jpg,"214,226,250"
image5.jpg,"203,200,186"
image50.jpg,"214,226,250"
image51.jpg,"149,143,123"
image52.jpg,"223,217,210"
image53.jpg,"216,216,216"
image54.JPG,"50,50,50"
image55.jpg,"209,215,233"
image56.jpg,"209,215,233"
image57.jpg,"211,172,139"
image58.jpg,"174,174,174"
image59.jpg,"48,50,55"
image6.jpg,"225,223,212"
image60.jpg,"231,230,228"
image61.jpg,"148,105,58"
image62.JPG,"61,67,54"
image63.JPG,"77,67,67"
image64.JPG,"37,37,37"
image65.jpg,"180,184,194"
image66.jpg,"80,63,40"
image67.jpg,"229,227,222"
image68.jpg,"82,186,232"
image69.jpg,"71,63,56"
image7.jpg,"191,186,171"
image70.jpg,"225,212,200"
image71.jpg,"101,130,132"
image72.jpg,"173,172,171"
image73.jpg,"160,100,84"
image74.jpg,"160,147,133"
image75.JPG,"156,147,96"
image76.JPG,"52,45,46"
image77.jpg,"40,20,26"
image78.jpg,"40,20,26"
image79.jpg,"40,20,26"
image8.jpg,"216,217,221"
image80.jpg,"242,87,22"
image81.jpg,"212,74,102"
image82.jpg,"189,187,179"
image83.jpg,"162,159,142"
image84.jpg,"208,212,216"
image85.jpg,"222,221,224"
image86.jpg,"232,94,41"
image87.jpg,"61,51,35"
image88.jpg,"230,226,223"
image89.JPG,"225,223,224"
image9.jpg,"152,139,121"
image90.JPG,"211,191,184"
image91.JPG,"207,209,221"
image92.jpg,"203,205,204"
image93.jpg,"216,189,177"
image94.jpg,"26,28,51"
image95.jpg,"205,199,209"
image96.JPG,"137,124,96"
image97.JPG,"172,133,117"
image98.jpg,"189,151,122"
image99.jpg,"189,151,122"